	pathway	LV index	AUC	p-value	FDR
80	KEGG.Module.M00334..Type.VI.secretion.system	30	0.715526244097348	0.00905956402189215	0.023275619779329224
