	pathway	LV index	AUC	p-value	FDR
25	KEGG.Pathway.pae00910..Nitrogen.metabolism...Pseudomonas.aeruginosa.PAO1	9	0.464468262661034	0.647049359182772	0.7027555954038053
26	KEGG.Pathway.pae00790..Folate.biosynthesis...Pseudomonas.aeruginosa.PAO1	9	0.317360350492881	0.928749802923481	0.9402158498731537
27	KEGG.Module.M00529..Denitrification..nitrate....nitrogen	9	1.0	0.00227208970615762	0.008665644460694179
28	KEGG.Module.M00254..ABC.2.type.transport.system	9	0.5883077765607889	0.308171322832636	0.3839330667949127
32	KEGG.Pathway.pae02040..Flagellar.assembly...Pseudomonas.aeruginosa.PAO1	14	0.7258148090574642	0.00698904842602643	0.019762136928764388
70	KEGG.Pathway.pae03070..Bacterial.secretion.system...Pseudomonas.aeruginosa.PAO1	24	0.49834154857260204	0.511022359113622	0.5860676006617763
71	KEGG.Pathway.pae00400..Phenylalanine..tyrosine.and.tryptophan.biosynthesis...Pseudomonas.aeruginosa.PAO1	24	0.45225508317929797	0.6622567546701011	0.7145401826703722
72	KEGG.Module.M00334..Type.VI.secretion.system	24	0.7332717190388169	0.00487757834317475	0.014544051786921076
80	KEGG.Module.M00334..Type.VI.secretion.system	30	0.715526244097348	0.00905956402189215	0.023275619779329224
