	pathway	LV index	AUC	p-value	FDR
299	DMAP_ERY5	61	0.555490240516729	0.00113823711800877	0.00854576116271883
300	SVM Neutrophils	61	0.647066813359955	0.00046858300162341506	0.004059170821291993
301	REACTOME_FACTORS_INVOLVED_IN_MEGAKARYOCYTE_DEVELOPMENT_AND_PLATELET_PRODUCTION	61	0.47533809715990505	0.765532036773505	0.9028171696667306
