val_loss	loss	learning_rate	batch_size	epochs	kappa
54.56322484994831	181.1644767998074	0.001	100	3	0.01
127.57512242360147	56.445279569526996	0.001	100	3	0.01
47.5236362760595	51.25630253796368	0.001	100	3	0.01
