val_loss	loss	learning_rate	batch_size	epochs	kappa
58.21063792840946	211.9949281330786	0.001	100	3	0.01
53.91303116111476	54.939516399925864	0.001	100	3	0.01
54.59209856429607	53.92044559939539	0.001	100	3	0.01
